user,fullname,tweet-id,timestamp,url,likes,replies,retweets,text,html
ChrisKn12001580,Chris Knight,1053941364835139586,2018-10-21 09:29:37,/ChrisKn12001580/status/1053941364835139586,0,1,0,Really when we're interest rates so high that it would have been more expensive than paying PFI for generations plus even after paying all that PFI in many cases they don't even own the buildings plus they tied in expensive maintenance contracts,"<p class=""TweetTextSize js-tweet-text tweet-text"" data-aria-label-part=""0"" lang=""en""><strong>Really</strong> when we're <strong>interest rates</strong> so <strong>high</strong> that it would have been more expensive than paying PFI for generations plus even after paying all that PFI in many cases they don't even own the buildings plus they tied in expensive maintenance contracts</p>"
HBKGuppy,HBKGuppy,1049748419689009153,2018-10-09 19:48:21,/HBKGuppy/status/1049748419689009153,0,0,0,"It is really hard to time the market and it is always a gamble, even the people that do this for a living mess it up.  I agree a correction in stocks and real estate is coming. When is the question.  How high do the interest rates need to go before the market can't bear anymore?","<p class=""TweetTextSize js-tweet-text tweet-text"" data-aria-label-part=""0"" lang=""en"">It is <strong>really</strong> hard to time the market and it is always a gamble, even the people that do this for a living mess it up.  I agree a correction in stocks and real estate is coming. When is the question.  How <strong>high</strong> do the <strong>interest rates</strong> need to go before the market can't bear anymore?</p>"
mabathoana,mekgwa,1049708431471448064,2018-10-09 17:09:27,/mabathoana/status/1049708431471448064,0,0,0,"I don‚Äôt think politicians have to worry about the rising price of petrol like we do or the price of bread like we do or high interest rates like we do but yet they steal, lie and cheat..... greed really is a motherfucker!","<p class=""TweetTextSize js-tweet-text tweet-text"" data-aria-label-part=""0"" lang=""en"">I don‚Äôt think politicians have to worry about the rising price of petrol like we do or the price of bread like we do or <strong>high</strong> <strong>interest rates</strong> like we do but yet they steal, lie and cheat..... greed <strong>really</strong> is a motherfucker!</p>"
pooshilove,Brixtonanviarichmond¬†üòÇ,1049400146356838400,2018-10-08 20:44:26,/pooshilove/status/1049400146356838400,1,0,0,Oh dear what a twinkle. When I was looking to buy interest rates where 15% most home owners were losing their homes or their mortgages were thousands more than the house was worth. Rents were still really high in London and homelessness was a big issue,"<p class=""TweetTextSize js-tweet-text tweet-text"" data-aria-label-part=""0"" lang=""en"">Oh dear what a twinkle. When I was looking to buy <strong>interest rates</strong> where 15% most home owners were losing their homes or their mortgages were thousands more than the house was worth. Rents were still <strong>really</strong> <strong>high</strong> in London and homelessness was a big issue</p>"
Pretty_Believer,ber ber,1047865799648657408,2018-10-04 15:07:29,/Pretty_Believer/status/1047865799648657408,0,0,0,"I‚Äôm so grateful for my coworker she was taught me so much about money and how to buy a car and house deal with loans, interest rates etc she is truly the best . They really need a class on this in high school to teach kids about this geometry etc is useless .","<p class=""TweetTextSize js-tweet-text tweet-text"" data-aria-label-part=""0"" lang=""en"">I‚Äôm so grateful for my coworker she was taught me so much about money and how to buy a car and house deal with loans, <strong>interest rates</strong> etc she is truly the best . They <strong>really</strong> need a class on this in <strong>high</strong> school to teach kids about this geometry etc is useless .</p>"
IMTFI,IMTFI at UCI,1051955850695208960,2018-10-15 21:59:53,/IMTFI/status/1051955850695208960,2,0,2,"‚ÄúIn the abstract, having access to credit is better than not having access to credit and certainly better than having access to really predatory credit at extremely high interest rates,‚Äù said @drstephencrea #AI alternative #creditscore #algorithmshttps://twitter.com/MarketWatch/status/1051391994851979264¬†‚Ä¶","<p class=""TweetTextSize js-tweet-text tweet-text"" data-aria-label-part=""4"" lang=""en"">‚ÄúIn the abstract, having access to credit is better than not having access to credit and certainly better than having access to <strong>really</strong> predatory credit at extremely <strong>high</strong> <strong>interest rates</strong>,‚Äù said <a class=""twitter-atreply pretty-link js-nav"" data-mentioned-user-id=""3273450108"" dir=""ltr"" href=""/drstephencrea""><s>@</s><b>drstephencrea</b></a> <a class=""twitter-hashtag pretty-link js-nav"" data-query-source=""hashtag_click"" dir=""ltr"" href=""/hashtag/AI?src=hash""><s>#</s><b>AI</b></a> alternative <a class=""twitter-hashtag pretty-link js-nav"" data-query-source=""hashtag_click"" dir=""ltr"" href=""/hashtag/creditscore?src=hash""><s>#</s><b>creditscore</b></a> <a class=""twitter-hashtag pretty-link js-nav"" data-query-source=""hashtag_click"" dir=""ltr"" href=""/hashtag/algorithms?src=hash""><s>#</s><b>algorithms</b></a><a class=""twitter-timeline-link u-hidden"" data-expanded-url=""https://twitter.com/MarketWatch/status/1051391994851979264"" dir=""ltr"" href=""https://t.co/sseZRbwa6c"" rel=""nofollow noopener"" target=""_blank"" title=""https://twitter.com/MarketWatch/status/1051391994851979264""><span class=""tco-ellipsis""></span><span class=""invisible"">https://</span><span class=""js-display-url"">twitter.com/MarketWatch/st</span><span class=""invisible"">atus/1051391994851979264</span><span class=""tco-ellipsis""><span class=""invisible"">¬†</span>‚Ä¶</span></a></p>"
pietviljoen,Piet Viljoen,1051904632077905922,2018-10-15 18:36:22,/pietviljoen/status/1051904632077905922,7,1,2,"This is true for many so-called ""quality"" businesses. The corporate financiers have turned really high grade businesses into a speculative ventures by piling on too much debt. And it's possible that the direction of interest rates may no longer be in their favour. https://twitter.com/BusinessLiveSA/status/1051903127232933889¬†‚Ä¶","<p class=""TweetTextSize js-tweet-text tweet-text"" data-aria-label-part=""4"" lang=""en"">This is true for many so-called ""quality"" businesses. The corporate financiers have turned <strong>really</strong> <strong>high</strong> grade businesses into a speculative ventures by piling on too much debt. And it's possible that the direction of <strong>interest rates</strong> may no longer be in their favour. <a class=""twitter-timeline-link u-hidden"" data-expanded-url=""https://twitter.com/BusinessLiveSA/status/1051903127232933889"" dir=""ltr"" href=""https://t.co/SYrqJb5RFg"" rel=""nofollow noopener"" target=""_blank"" title=""https://twitter.com/BusinessLiveSA/status/1051903127232933889""><span class=""tco-ellipsis""></span><span class=""invisible"">https://</span><span class=""js-display-url"">twitter.com/BusinessLiveSA</span><span class=""invisible"">/status/1051903127232933889</span><span class=""tco-ellipsis""><span class=""invisible"">¬†</span>‚Ä¶</span></a></p>"
collam1020,Collin La Mey,1051493967148277762,2018-10-14 15:24:32,/collam1020/status/1051493967148277762,0,1,0,"@MSNBC #AMJoy:  #ArthurLaffer: The Fed has a dual mandate. Low and high interest rates are really a myth. The word is neutral rates and in this cycle, it's driven by Treasury Yields not The FED!!","<p class=""TweetTextSize js-tweet-text tweet-text"" data-aria-label-part=""0"" lang=""en""><a class=""twitter-atreply pretty-link js-nav"" data-mentioned-user-id=""2836421"" dir=""ltr"" href=""/MSNBC""><s>@</s><b>MSNBC</b></a> <a class=""twitter-hashtag pretty-link js-nav"" data-query-source=""hashtag_click"" dir=""ltr"" href=""/hashtag/AMJoy?src=hash""><s>#</s><b>AMJoy</b></a>:  <a class=""twitter-hashtag pretty-link js-nav"" data-query-source=""hashtag_click"" dir=""ltr"" href=""/hashtag/ArthurLaffer?src=hash""><s>#</s><b>ArthurLaffer</b></a>: The Fed has a dual mandate. Low and <strong>high</strong> <strong>interest rates</strong> are <strong>really</strong> a myth. The word is neutral rates and in this cycle, it's driven by Treasury Yields not The FED!!</p>"
spjoop,Joop Peterse,1050774627641901057,2018-10-12 15:46:08,/spjoop/status/1050774627641901057,0,0,0,As long as you are able to fix interest rates long term AND you will have inflation rates high SOON (current phase) you win! And then it can go really fast! See inflation rate of Turkey around 25% now or Argentina 60% now... of course this ONLY holds true for buying property.,"<p class=""TweetTextSize js-tweet-text tweet-text"" data-aria-label-part=""0"" lang=""en"">As long as you are able to fix <strong>interest rates</strong> long term AND you will have inflation rates <strong>high</strong> SOON (current phase) you win! And then it can go <strong>really</strong> fast! See inflation rate of Turkey around 25% now or Argentina 60% now... of course this ONLY holds true for buying property.</p>"
MarkYusko,Mark W. Yusko,1050488607897673728,2018-10-11 20:49:35,/MarkYusko/status/1050488607897673728,17,2,4,"#BigFun today on @cnbc @PowerLunch 
Appreciated the extra time to really dive deeply into some important issues related to risks of high equity market valuations, slowing economic growth and rising interest rates. #TripleThreathttps://twitter.com/AnaHollinger26/status/1050444444162347008¬†‚Ä¶","<p class=""TweetTextSize js-tweet-text tweet-text"" data-aria-label-part=""4"" lang=""en""><a class=""twitter-hashtag pretty-link js-nav"" data-query-source=""hashtag_click"" dir=""ltr"" href=""/hashtag/BigFun?src=hash""><s>#</s><b>BigFun</b></a> today on <a class=""twitter-atreply pretty-link js-nav"" data-mentioned-user-id=""20402945"" dir=""ltr"" href=""/CNBC""><s>@</s><b>cnbc</b></a> <a class=""twitter-atreply pretty-link js-nav"" data-mentioned-user-id=""25360971"" dir=""ltr"" href=""/PowerLunch""><s>@</s><b>PowerLunch</b></a> 
Appreciated the extra time to <strong>really</strong> dive deeply into some important issues related to risks of <strong>high</strong> equity market valuations, slowing economic growth and rising <strong>interest rates</strong>. <a class=""twitter-hashtag pretty-link js-nav"" data-query-source=""hashtag_click"" dir=""ltr"" href=""/hashtag/TripleThreat?src=hash""><s>#</s><b>TripleThreat</b></a><a class=""twitter-timeline-link u-hidden"" data-expanded-url=""https://twitter.com/AnaHollinger26/status/1050444444162347008"" dir=""ltr"" href=""https://t.co/IRZAliVz7D"" rel=""nofollow noopener"" target=""_blank"" title=""https://twitter.com/AnaHollinger26/status/1050444444162347008""><span class=""tco-ellipsis""></span><span class=""invisible"">https://</span><span class=""js-display-url"">twitter.com/AnaHollinger26</span><span class=""invisible"">/status/1050444444162347008</span><span class=""tco-ellipsis""><span class=""invisible"">¬†</span>‚Ä¶</span></a></p>"
spank419,Wakeup Bud,1050435455467094019,2018-10-11 17:18:23,/spank419/status/1050435455467094019,0,0,0,This was the sole reason every report and millennial ws know it all we‚Äôre trying to explain for the drop in the market. The problem is they don‚Äôt know what really high interest rates are. They‚Äôre too young. And that caused the sell off. Educate young traders please. Huge buys imo,"<p class=""TweetTextSize js-tweet-text tweet-text"" data-aria-label-part=""0"" lang=""en"">This was the sole reason every report and millennial ws know it all we‚Äôre trying to explain for the drop in the market. The problem is they don‚Äôt know what <strong>really</strong> <strong>high</strong> <strong>interest rates</strong> are. They‚Äôre too young. And that caused the sell off. Educate young traders please. Huge buys imo</p>"
bevluvdoly,BEV LUMB,1050365115764215808,2018-10-11 12:38:53,/bevluvdoly/status/1050365115764215808,0,0,0,"Really, but we had it so good so the young have been told constantly doesn't sound so good in reality does it. Added to that if we could afford to buy a house interest rates sky high, no child care, after school clubs etc women on low pay, couldn't even think of a car on and on https://twitter.com/julie_crete/status/1050008970499448832¬†‚Ä¶","<p class=""TweetTextSize js-tweet-text tweet-text"" data-aria-label-part=""4"" lang=""en""><strong>Really</strong>, but we had it so good so the young have been told constantly doesn't sound so good in reality does it. Added to that if we could afford to buy a house <strong>interest rates</strong> sky <strong>high</strong>, no child care, after school clubs etc women on low pay, couldn't even think of a car on and on <a class=""twitter-timeline-link u-hidden"" data-expanded-url=""https://twitter.com/julie_crete/status/1050008970499448832"" dir=""ltr"" href=""https://t.co/2lYW1uDJrV"" rel=""nofollow noopener"" target=""_blank"" title=""https://twitter.com/julie_crete/status/1050008970499448832""><span class=""tco-ellipsis""></span><span class=""invisible"">https://</span><span class=""js-display-url"">twitter.com/julie_crete/st</span><span class=""invisible"">atus/1050008970499448832</span><span class=""tco-ellipsis""><span class=""invisible"">¬†</span>‚Ä¶</span></a></p>"
adam74561,Adam Smith,1050232269892440064,2018-10-11 03:51:00,/adam74561/status/1050232269892440064,8,0,3,"Trump: ""I really disagree with what the Fed is doing‚Äù. I know a lot of Democrats blame @realDonaldTrump for raising interest rates.  He does not set or raise rates, the Federal Reserve does.  They have raised rates too high and Trump is looking out for us.
https://finance.yahoo.com/news/trump-fed-gone-crazy-215019123.html¬†‚Ä¶","<p class=""TweetTextSize js-tweet-text tweet-text"" data-aria-label-part=""0"" lang=""en"">Trump: ""I <strong>really</strong> disagree with what the Fed is doing‚Äù. I know a lot of Democrats blame <a class=""twitter-atreply pretty-link js-nav"" data-mentioned-user-id=""25073877"" dir=""ltr"" href=""/realDonaldTrump""><s>@</s><b>realDonaldTrump</b></a> for raising <strong>interest rates</strong>.  He does not set or raise rates, the Federal Reserve does.  They have raised rates too <strong>high</strong> and Trump is looking out for us.
<a class=""twitter-timeline-link u-hidden"" data-expanded-url=""https://finance.yahoo.com/news/trump-fed-gone-crazy-215019123.html"" dir=""ltr"" href=""https://t.co/sEfsWj37zo"" rel=""nofollow noopener"" target=""_blank"" title=""https://finance.yahoo.com/news/trump-fed-gone-crazy-215019123.html""><span class=""tco-ellipsis""></span><span class=""invisible"">https://</span><span class=""js-display-url"">finance.yahoo.com/news/trump-fed</span><span class=""invisible"">-gone-crazy-215019123.html</span><span class=""tco-ellipsis""><span class=""invisible"">¬†</span>‚Ä¶</span></a></p>"
T_R_U_2,Tommy Pickles,1052024921835098114,2018-10-16 02:34:21,/T_R_U_2/status/1052024921835098114,3,1,0,Discover has really good cards for starting a credit line. The interest rates can be kinda high but they usually give you 6-12 months interest free to start,"<p class=""TweetTextSize js-tweet-text tweet-text"" data-aria-label-part=""0"" lang=""en"">Discover has <strong>really</strong> good cards for starting a credit line. The <strong>interest rates</strong> can be kinda <strong>high</strong> but they usually give you 6-12 months interest free to start</p>"
zachffox,Zach Fox,1055084166298169345,2018-10-24 13:10:42,/zachffox/status/1055084166298169345,3,2,1,"- Wow, $NYCB has a 7.2% dividend yield. That's really high, wonder if they have a compelling story on their Q3 earnings call.

- ""We hope to see the margin expansion when the Fed ultimately stops raising interest rates.""

- Oh, noooo...","<p class=""TweetTextSize js-tweet-text tweet-text"" data-aria-label-part=""0"" lang=""en"">- Wow, <a class=""twitter-cashtag pretty-link js-nav"" data-query-source=""cashtag_click"" dir=""ltr"" href=""/search?q=%24NYCB&amp;src=ctag""><s>$</s><b>NYCB</b></a> has a 7.2% dividend yield. That's <strong>really</strong> <strong>high</strong>, wonder if they have a compelling story on their Q3 earnings call.

- ""We hope to see the margin expansion when the Fed ultimately stops raising <strong>interest rates</strong>.""

- Oh, noooo...</p>"
Neo107,Dineo Mke,1054668445009223680,2018-10-23 09:38:46,/Neo107/status/1054668445009223680,0,0,0,"The system is really designed to make a Black child broke

They approve Vehicle Finance of R14k and when it comes to Mortgage they raise the interest rates so high you cant afford R8k bond

My people still buy R9k Plasma TV on higher Purchase end up paying R20k

#RiseUpBlackChild","<p class=""TweetTextSize js-tweet-text tweet-text"" data-aria-label-part=""0"" lang=""en"">The system is <strong>really</strong> designed to make a Black child broke

They approve Vehicle Finance of R14k and when it comes to Mortgage they raise the <strong>interest rates</strong> so <strong>high</strong> you cant afford R8k bond

My people still buy R9k Plasma TV on higher Purchase end up paying R20k

<a class=""twitter-hashtag pretty-link js-nav"" data-query-source=""hashtag_click"" dir=""ltr"" href=""/hashtag/RiseUpBlackChild?src=hash""><s>#</s><b>RiseUpBlackChild</b></a></p>"
WishLabLtd,¬†üçÇ¬†üèÆDoc Holly Would¬†üèÆ¬†üçÇ,1054551273364574209,2018-10-23 01:53:10,/WishLabLtd/status/1054551273364574209,0,1,0,Is that really high? Compared to interest rates that seems like a bargain. They probably knew that people would feel that way & took advantage...,"<p class=""TweetTextSize js-tweet-text tweet-text"" data-aria-label-part=""0"" lang=""en"">Is that <strong>really</strong> <strong>high</strong>? Compared to <strong>interest rates</strong> that seems like a bargain. They probably knew that people would feel that way &amp; took advantage...<img alt=""üí∏"" aria-label=""Emoji: Money with wings"" class=""Emoji Emoji--forText"" draggable=""false"" src=""https://abs.twimg.com/emoji/v2/72x72/1f4b8.png"" title=""Money with wings""/></p>"
AustinRiediger,Austin Riediger,1054524925107716096,2018-10-23 00:08:28,/AustinRiediger/status/1054524925107716096,0,0,0,"Right, but isn't it possible that menu and shoe leather costs would be less painful than the high interest rates? I legitimately dont know. Also I thought that the inflation back then was partly a supply side shock from oil prices, so I dont really see how rates play into that","<p class=""TweetTextSize js-tweet-text tweet-text"" data-aria-label-part=""0"" lang=""en"">Right, but isn't it possible that menu and shoe leather costs would be less painful than the <strong>high</strong> <strong>interest rates</strong>? I legitimately dont know. Also I thought that the inflation back then was partly a supply side shock from oil prices, so I dont <strong>really</strong> see how rates play into that</p>"
AmericanMOM01,Cathie,1053008307483480064,2018-10-18 19:41:59,/AmericanMOM01/status/1053008307483480064,5,1,1,3)really moved a whole lot since the 1970's! U paint a fake pic of the ppl's economic situation. Ppl live on credit 4 the most part paying high interest rates. Ppl don't have the buying & borrowing power 2have ownership in their work w/small businesses serving their area.,"<p class=""TweetTextSize js-tweet-text tweet-text"" data-aria-label-part=""0"" lang=""en"">3)<strong>really</strong> moved a whole lot since the 1970's! U paint a fake pic of the <img alt=""üá∫üá∏"" aria-label=""Emoji: Flag of United States"" class=""Emoji Emoji--forText"" draggable=""false"" src=""https://abs.twimg.com/emoji/v2/72x72/1f1fa-1f1f8.png"" title=""Flag of United States""/>ppl's economic situation. <img alt=""üá∫üá∏"" aria-label=""Emoji: Flag of United States"" class=""Emoji Emoji--forText"" draggable=""false"" src=""https://abs.twimg.com/emoji/v2/72x72/1f1fa-1f1f8.png"" title=""Flag of United States""/>Ppl live on credit 4 the most part paying <strong>high</strong> <strong>interest rates</strong>. <img alt=""üá∫üá∏"" aria-label=""Emoji: Flag of United States"" class=""Emoji Emoji--forText"" draggable=""false"" src=""https://abs.twimg.com/emoji/v2/72x72/1f1fa-1f1f8.png"" title=""Flag of United States""/>Ppl don't have the buying &amp; borrowing power 2have ownership in their work w/small businesses serving their area.</p>"
AnnRother,Ann Rother,1052995639791910912,2018-10-18 18:51:38,/AnnRother/status/1052995639791910912,0,0,0,"Donald Trump really could lower interest rates‚Äîhere's how...

The Fed govt deficit has reached  A SIX YEAR HIGH OF
779 BILLION$?!

Trump said he would bring the Fed debt lower--
Instead it's the highest ever.?
Another false promise.
 https://www.cbsnews.com/news/donald-trump-really-could-lower-interest-rates-heres-how/¬†‚Ä¶","<p class=""TweetTextSize js-tweet-text tweet-text"" data-aria-label-part=""0"" lang=""en"">Donald Trump <strong>really</strong> could lower <strong>interest rates</strong>‚Äîhere's how...

The Fed govt deficit has reached  A SIX YEAR <strong>HIGH</strong> OF
779 BILLION$?!

Trump said he would bring the Fed debt lower--
Instead it's the highest ever.?
Another false promise.
 <a class=""twitter-timeline-link u-hidden"" data-expanded-url=""https://www.cbsnews.com/news/donald-trump-really-could-lower-interest-rates-heres-how/"" dir=""ltr"" href=""https://t.co/hwcbStTrNf"" rel=""nofollow noopener"" target=""_blank"" title=""https://www.cbsnews.com/news/donald-trump-really-could-lower-interest-rates-heres-how/""><span class=""tco-ellipsis""></span><span class=""invisible"">https://www.</span><span class=""js-display-url"">cbsnews.com/news/donald-tr</span><span class=""invisible"">ump-really-could-lower-interest-rates-heres-how/</span><span class=""tco-ellipsis""><span class=""invisible"">¬†</span>‚Ä¶</span></a></p>"
Errorreporrt,Geriatric Millenial,1052914740673073153,2018-10-18 13:30:11,/Errorreporrt/status/1052914740673073153,1,0,0,To the extent anybody knows the transmission mechanisms of monetary policy we know high interest rates seem to inhibit wage growth. There is a whole lotta theory but precious little empirical knowledge of how interest rates really work.,"<p class=""TweetTextSize js-tweet-text tweet-text"" data-aria-label-part=""0"" lang=""en"">To the extent anybody knows the transmission mechanisms of monetary policy we know <strong>high</strong> <strong>interest rates</strong> seem to inhibit wage growth. There is a whole lotta theory but precious little empirical knowledge of how <strong>interest rates</strong> <strong>really</strong> work.</p>"
Larryschnurb,Larry Schnurbusch,1052760010869153792,2018-10-18 03:15:20,/Larryschnurb/status/1052760010869153792,1,1,1,Well said.  It really isn‚Äôt any more complicated than this.  Dan and Donald are correct.  A little inflation might be good.  Interest rates too high.....not good. https://twitter.com/DanRDimicco/status/1052746317246676993¬†‚Ä¶,"<p class=""TweetTextSize js-tweet-text tweet-text"" data-aria-label-part=""4"" lang=""en"">Well said.  It <strong>really</strong> isn‚Äôt any more complicated than this.  Dan and Donald are correct.  A little inflation might be good.  <strong>Interest rates</strong> too <strong>high</strong>.....not good. <a class=""twitter-timeline-link u-hidden"" data-expanded-url=""https://twitter.com/DanRDimicco/status/1052746317246676993"" dir=""ltr"" href=""https://t.co/jZVN2apvaJ"" rel=""nofollow noopener"" target=""_blank"" title=""https://twitter.com/DanRDimicco/status/1052746317246676993""><span class=""tco-ellipsis""></span><span class=""invisible"">https://</span><span class=""js-display-url"">twitter.com/DanRDimicco/st</span><span class=""invisible"">atus/1052746317246676993</span><span class=""tco-ellipsis""><span class=""invisible"">¬†</span>‚Ä¶</span></a></p>"
JayVanorman,Jay VanOrman ***,1052605577879146497,2018-10-17 17:01:40,/JayVanorman/status/1052605577879146497,0,0,0,"You buy high and sell low, don't you. My liberal mother does that. You really shouldn't be investing for retirement based upon your fears. You'll be too dependent on Social Security. And that's going to go to shit, because rising interest rates on Obama's debt is gonna hurt you.","<p class=""TweetTextSize js-tweet-text tweet-text"" data-aria-label-part=""0"" lang=""en"">You buy <strong>high</strong> and sell low, don't you. My liberal mother does that. You <strong>really</strong> shouldn't be investing for retirement based upon your fears. You'll be too dependent on Social Security. And that's going to go to shit, because rising <strong>interest rates</strong> on Obama's debt is gonna hurt you.</p>"
shrwood,Martin Pichinson,1052553866971992065,2018-10-17 13:36:12,/shrwood/status/1052553866971992065,0,0,0,Really! Without interest rates as a safety net what do we have when the correction happens? Possibly our debt is getting to be way too high? We do not have bankruptcy as a tool.,"<p class=""TweetTextSize js-tweet-text tweet-text"" data-aria-label-part=""0"" lang=""en""><strong>Really</strong>! Without <strong>interest rates</strong> as a safety net what do we have when the correction happens? Possibly our debt is getting to be way too <strong>high</strong>? We do not have bankruptcy as a tool.</p>"
DavidWGWalker,David Walker,1052530372918071297,2018-10-17 12:02:50,/DavidWGWalker/status/1052530372918071297,0,0,0,"You really think he had no concern for the economy? I grant you the poor are never the Tories' first priority but, at the time, ERM membership was intended to avoid the dislocations of currency swings and high interest rates. It's failure doesn't negate the good intentions.","<p class=""TweetTextSize js-tweet-text tweet-text"" data-aria-label-part=""0"" lang=""en"">You <strong>really</strong> think he had no concern for the economy? I grant you the poor are never the Tories' first priority but, at the time, ERM membership was intended to avoid the dislocations of currency swings and <strong>high</strong> <strong>interest rates</strong>. It's failure doesn't negate the good intentions.</p>"
GreenPuertoRico,Green Puerto Rico,1052402899744116738,2018-10-17 03:36:18,/GreenPuertoRico/status/1052402899744116738,1,1,0,"Cost of health care & daycare are absurd, if you add rent & the outrageously high interest rates on student loans it's really hard to have a family, much less a large family. I keep seeing the post cards to macron & all I can think of is how can people pay their rent or daycare.","<p class=""TweetTextSize js-tweet-text tweet-text"" data-aria-label-part=""0"" lang=""en"">Cost of health care &amp; daycare are absurd, if you add rent &amp; the outrageously <strong>high</strong> <strong>interest rates</strong> on student loans it's <strong>really</strong> hard to have a family, much less a large family. I keep seeing the post cards to macron &amp; all I can think of is how can people pay their rent or daycare.</p>"
VickiGP1,¬†üá∫üá∏ SFla Patriot ¬†‚ùå ¬†üë†,1053431698506084352,2018-10-19 23:44:23,/VickiGP1/status/1053431698506084352,0,0,0,"He thinks he‚Äôs the greatest living president. Really, he said it! My family lost the farm, literally, due to Carter‚Äôs mistakes and sky high interest rates. Go away Jimmy boy.","<p class=""TweetTextSize js-tweet-text tweet-text"" data-aria-label-part=""0"" lang=""en"">He thinks he‚Äôs the greatest living president. <strong>Really</strong>, he said it! My family lost the farm, literally, due to Carter‚Äôs mistakes and sky <strong>high</strong> <strong>interest rates</strong>. Go away Jimmy boy.</p>"
gerstenzang,Sam Gerstenzang,1053422063124389888,2018-10-19 23:06:06,/gerstenzang/status/1053422063124389888,9,2,1,BBVA re-marketing Simple based on high interest rates is really the death blow on Simple‚Äôs hypothesis that user experience was a differentiated value prop for a bank.,"<p class=""TweetTextSize js-tweet-text tweet-text"" data-aria-label-part=""0"" lang=""en"">BBVA re-marketing Simple based on <strong>high</strong> <strong>interest rates</strong> is <strong>really</strong> the death blow on Simple‚Äôs hypothesis that user experience was a differentiated value prop for a bank.</p>"
RyanSweeney20,Ryan,1053304438138552322,2018-10-19 15:18:42,/RyanSweeney20/status/1053304438138552322,0,0,0,"Existing home sales have really broken down. Should be clear to everyone just how bad this housing slowdown will get - prices high, interest rates going up, Americans cannot afford. Only one way to go","<p class=""TweetTextSize js-tweet-text tweet-text"" data-aria-label-part=""0"" lang=""en"">Existing home sales have <strong>really</strong> broken down. Should be clear to everyone just how bad this housing slowdown will get - prices <strong>high</strong>, <strong>interest rates</strong> going up, Americans cannot afford. Only one way to go</p>"
Princessdevan22,Devan Lugo,1053140394744004608,2018-10-19 04:26:51,/Princessdevan22/status/1053140394744004608,0,0,0,Oops real estate agent* also interest rates are really high right now  if you can wait awhile I‚Äôd suggest letting the market creep down a little further. Supposedly every 11 yrs it ‚Äúcrashes‚Äù and it‚Äôs been 12 since last crash,"<p class=""TweetTextSize js-tweet-text tweet-text"" data-aria-label-part=""0"" lang=""en"">Oops real estate agent* also <strong>interest rates</strong> are <strong>really</strong> <strong>high</strong> right now <img alt=""üòï"" aria-label=""Emoji: Confused face"" class=""Emoji Emoji--forText"" draggable=""false"" src=""https://abs.twimg.com/emoji/v2/72x72/1f615.png"" title=""Confused face""/> if you can wait awhile I‚Äôd suggest letting the market creep down a little further. Supposedly every 11 yrs it ‚Äúcrashes‚Äù and it‚Äôs been 12 since last crash</p>"
PeterTrader99,Peter Trader,1051253356453216256,2018-10-13 23:28:26,/PeterTrader99/status/1051253356453216256,8,6,2,"Is it really interest rates made market to dive in Oct? I don‚Äôt believe so. 

10Yr interest rates 

Jan 2000 6.5%
Jan 2005 4.2%
Jan 2007 4.7%
Jan 2009 2.3%  
Jan 2010 3.6%
Jan 2012 1.9%
Jan 2014 2.8%
Jan 2016 2.1%
Jan 2018 2.5%
Oct 2018 went as high as 3.25% but closed 3.14%","<p class=""TweetTextSize js-tweet-text tweet-text"" data-aria-label-part=""0"" lang=""en"">Is it <strong>really</strong> <strong>interest rates</strong> made market to dive in Oct? I don‚Äôt believe so. 

10Yr <strong>interest rates</strong> 

Jan 2000 6.5%
Jan 2005 4.2%
Jan 2007 4.7%
Jan 2009 2.3%  
Jan 2010 3.6%
Jan 2012 1.9%
Jan 2014 2.8%
Jan 2016 2.1%
Jan 2018 2.5%
Oct 2018 went as <strong>high</strong> as 3.25% but closed 3.14%</p>"
bevluvdoly,BEV LUMB,1048764596071399424,2018-10-07 02:38:59,/bevluvdoly/status/1048764596071399424,0,0,0,"They are continually being told how easy it was for us, with houses so much cheaper, but wages were low interest rates high and rented housing really bad. We had no child care paid for, no maternity allowances and we were paid much lower than men just because we were women https://twitter.com/3MT_Manchester/status/1048601565114843139¬†‚Ä¶","<p class=""TweetTextSize js-tweet-text tweet-text"" data-aria-label-part=""4"" lang=""en"">They are continually being told how easy it was for us, with houses so much cheaper, but wages were low <strong>interest rates</strong> <strong>high</strong> and rented housing <strong>really</strong> bad. We had no child care paid for, no maternity allowances and we were paid much lower than men just because we were women <a class=""twitter-timeline-link u-hidden"" data-expanded-url=""https://twitter.com/3MT_Manchester/status/1048601565114843139"" dir=""ltr"" href=""https://t.co/BEmMz3YxT2"" rel=""nofollow noopener"" target=""_blank"" title=""https://twitter.com/3MT_Manchester/status/1048601565114843139""><span class=""tco-ellipsis""></span><span class=""invisible"">https://</span><span class=""js-display-url"">twitter.com/3MT_Manchester</span><span class=""invisible"">/status/1048601565114843139</span><span class=""tco-ellipsis""><span class=""invisible"">¬†</span>‚Ä¶</span></a></p>"
I_S_B_A,ISBA - Seamus Maye,1055609393834876928,2018-10-25 23:57:46,/I_S_B_A/status/1055609393834876928,1,1,0,"That is just spin about being impossible to take a house back being responsible for high interest rates. There is great work being done in unmasking what has really been going on with our banks. Truth will come out, I have no doubt.","<p class=""TweetTextSize js-tweet-text tweet-text"" data-aria-label-part=""0"" lang=""en"">That is just spin about being impossible to take a house back being responsible for <strong>high</strong> <strong>interest rates</strong>. There is great work being done in unmasking what has <strong>really</strong> been going on with our banks. Truth will come out, I have no doubt.</p>"
TimOlynik,Tim Olynik,1055588528745177088,2018-10-25 22:34:51,/TimOlynik/status/1055588528745177088,1,1,0,"One of the smartest people I know told me yesterday 'The market is really bad right now and interest rates keep going up. I'm going to put off my home search for now.' Another Buy Low, Sell High blog is coming tomorrow...","<p class=""TweetTextSize js-tweet-text tweet-text"" data-aria-label-part=""0"" lang=""en"">One of the smartest people I know told me yesterday 'The market is <strong>really</strong> bad right now and <strong>interest rates</strong> keep going up. I'm going to put off my home search for now.' Another Buy Low, Sell <strong>High</strong> blog is coming tomorrow...</p>"
stevenpapa01,steve papa,1055335269719625729,2018-10-25 05:48:30,/stevenpapa01/status/1055335269719625729,0,1,0,With valuations still high and interest rates rising I would say they would still have a very solid cash weighting. Still a way to go before high returns really presents themselves. Keep the red coming!,"<p class=""TweetTextSize js-tweet-text tweet-text"" data-aria-label-part=""0"" lang=""en"">With valuations still <strong>high</strong> and <strong>interest rates</strong> rising I would say they would still have a very solid cash weighting. Still a way to go before <strong>high</strong> returns <strong>really</strong> presents themselves. Keep the red coming!</p>"
Regulator611,Domino,1050161713385955328,2018-10-10 23:10:38,/Regulator611/status/1050161713385955328,1,0,0,I agree man. Way overdone. We're going to see a major bounce before lunch tomorrow. Just transferred $25k. This is really about interest rates being too high? That's insane. My bank is still paying 0.007% on savings accounts blahahaha. 21% in 1980. 4.3% GDP.,"<p class=""TweetTextSize js-tweet-text tweet-text"" data-aria-label-part=""0"" lang=""en"">I agree man. Way overdone. We're going to see a major bounce before lunch tomorrow. Just transferred $25k. This is <strong>really</strong> about <strong>interest rates</strong> being too <strong>high</strong>? That's insane. My bank is still paying 0.007% on savings accounts blahahaha. 21% in 1980. 4.3% GDP.</p>"
Fishbooom,Fishgrease,1050137153122910208,2018-10-10 21:33:02,/Fishbooom/status/1050137153122910208,0,0,0,"Interest rates didn't jump up today. I'm wondering, if these reporters and analysts really knew the reasons the market tanked, couldn't they have said something yesterday? It's like after the fact they're saying well yeah, it was high bond yields of course.","<p class=""TweetTextSize js-tweet-text tweet-text"" data-aria-label-part=""0"" lang=""en""><strong>Interest rates</strong> didn't jump up today. I'm wondering, if these reporters and analysts <strong>really</strong> knew the reasons the market tanked, couldn't they have said something yesterday? It's like after the fact they're saying well yeah, it was <strong>high</strong> bond yields of course.</p>"
Sayachi2010,Gigi Cruz ¬†‚ùå,1050116373718872064,2018-10-10 20:10:28,/Sayachi2010/status/1050116373718872064,0,1,0,Fear of high interest rates!? Technology trade? Lots of businesses had a really bad day economically speaking.,"<p class=""TweetTextSize js-tweet-text tweet-text"" data-aria-label-part=""0"" lang=""en"">Fear of <strong>high</strong> <strong>interest rates</strong>!? Technology trade? Lots of businesses had a <strong>really</strong> bad day economically speaking.</p>"
lxvresearch,LXV Research,1050003262223593472,2018-10-10 12:41:00,/lxvresearch/status/1050003262223593472,0,1,0,"When the Fed introduced IOER at the time of the GFC, it put a floor on interest rates. Also are high excess reserves really accommodative? If there was no IOER banks would be more likely to increase lending.","<p class=""TweetTextSize js-tweet-text tweet-text"" data-aria-label-part=""0"" lang=""en"">When the Fed introduced IOER at the time of the GFC, it put a floor on <strong>interest rates</strong>. Also are <strong>high</strong> excess reserves <strong>really</strong> accommodative? If there was no IOER banks would be more likely to increase lending.</p>"
NeunChris,Chris_YourRealtor,1049823089729638400,2018-10-10 00:45:04,/NeunChris/status/1049823089729638400,0,0,0,"Money Talk
The Fed has resin the Interest Rates 3 times this year alone (2018) and a high probability they will raise it again once more before the end of the year. You do the math, you really want to wait to buy?  pic.twitter.com/G04psH91WN","<p class=""TweetTextSize js-tweet-text tweet-text"" data-aria-label-part=""0"" lang=""en""><img alt=""üí∞"" aria-label=""Emoji: Money bag"" class=""Emoji Emoji--forText"" draggable=""false"" src=""https://abs.twimg.com/emoji/v2/72x72/1f4b0.png"" title=""Money bag""/>Money Talk<img alt=""üí∞"" aria-label=""Emoji: Money bag"" class=""Emoji Emoji--forText"" draggable=""false"" src=""https://abs.twimg.com/emoji/v2/72x72/1f4b0.png"" title=""Money bag""/>
The Fed has resin<img alt=""üìà"" aria-label=""Emoji: Chart with upwards trend"" class=""Emoji Emoji--forText"" draggable=""false"" src=""https://abs.twimg.com/emoji/v2/72x72/1f4c8.png"" title=""Chart with upwards trend""/> the <strong>Interest Rates</strong> 3 times this year alone (2018) and a <strong>high</strong> probability they will raise it again once more before the end of the year. You do the math, you <strong>really</strong> want to wait to buy? <img alt=""ü§î"" aria-label=""Emoji: Thinking face"" class=""Emoji Emoji--forText"" draggable=""false"" src=""https://abs.twimg.com/emoji/v2/72x72/1f914.png"" title=""Thinking face""/> <a class=""twitter-timeline-link u-hidden"" data-pre-embedded=""true"" dir=""ltr"" href=""https://t.co/G04psH91WN"">pic.twitter.com/G04psH91WN</a></p>"
Nee_ceee,DC,1057141522741641216,2018-10-30 05:25:54,/Nee_ceee/status/1057141522741641216,2,1,0,Damn some of you be paying really high interest rates lol,"<p class=""TweetTextSize js-tweet-text tweet-text"" data-aria-label-part=""0"" lang=""en"">Damn some of you be paying <strong>really</strong> <strong>high</strong> <strong>interest rates</strong> lol</p>"
phippsjm,mike,1057074081487577089,2018-10-30 00:57:55,/phippsjm/status/1057074081487577089,0,0,0,There are two items which cause reduce automobile same. One is interest rates and second is really high gasoline rises. Input cost for production has little to do with sales.,"<p class=""TweetTextSize js-tweet-text tweet-text"" data-aria-label-part=""0"" lang=""en"">There are two items which cause reduce automobile same. One is <strong>interest rates</strong> and second is <strong>really</strong> <strong>high</strong> gasoline rises. Input cost for production has little to do with sales.</p>"
Raintree700,Elton Munyon,1056930685661851650,2018-10-29 15:28:06,/Raintree700/status/1056930685661851650,0,3,0,"He also ""created"" super-high interest rates and inflation, which deflated the value of all those jobs wages.  Everyone knows that if the economy is really good in ALL aspects, the sitting President is easily re-elected.  He wasn't.  ""Are you better off than you were 4 years ago?""","<p class=""TweetTextSize js-tweet-text tweet-text"" data-aria-label-part=""0"" lang=""en"">He also ""created"" super-<strong>high</strong> <strong>interest rates</strong> and inflation, which deflated the value of all those jobs wages.  Everyone knows that if the economy is <strong>really</strong> good in ALL aspects, the sitting President is easily re-elected.  He wasn't.  ""Are you better off than you were 4 years ago?""</p>"
MS_VJ,Monica Jackson,1056892285059850240,2018-10-29 12:55:31,/MS_VJ/status/1056892285059850240,0,0,0,"It's time to really live your best life. You don't have time to go back and forth with STRESS, debt collectors, high interest rates, or denials. 

Our Leaders will tell how credit create‚Ä¶ https://www.instagram.com/p/BphI0dsnnc5/?utm_source=ig_twitter_share&igshid=10qhz916bto4w¬†‚Ä¶","<p class=""TweetTextSize js-tweet-text tweet-text"" data-aria-label-part=""0"" lang=""en"">It's time to <strong>really</strong> live your best life. You don't have time to go back and forth with STRESS, debt collectors, <strong>high</strong> <strong>interest rates</strong>, or denials. 

Our Leaders will tell how credit create‚Ä¶ <a class=""twitter-timeline-link"" data-expanded-url=""https://www.instagram.com/p/BphI0dsnnc5/?utm_source=ig_twitter_share&amp;igshid=10qhz916bto4w"" dir=""ltr"" href=""https://t.co/EG4O9j9w4s"" rel=""nofollow noopener"" target=""_blank"" title=""https://www.instagram.com/p/BphI0dsnnc5/?utm_source=ig_twitter_share&amp;igshid=10qhz916bto4w""><span class=""tco-ellipsis""></span><span class=""invisible"">https://www.</span><span class=""js-display-url"">instagram.com/p/BphI0dsnnc5/</span><span class=""invisible"">?utm_source=ig_twitter_share&amp;igshid=10qhz916bto4w</span><span class=""tco-ellipsis""><span class=""invisible"">¬†</span>‚Ä¶</span></a></p>"
thelmalouise007,Chris Jones,1054483762191523840,2018-10-22 21:24:54,/thelmalouise007/status/1054483762191523840,0,0,0,Historically interest rates are very low. I remember the 80s when interest rates hit 15%. I think  lot of people have over committed themselves and if/when interest rates become really high a lot of people will be in big trouble.,"<p class=""TweetTextSize js-tweet-text tweet-text"" data-aria-label-part=""0"" lang=""en"">Historically <strong>interest rates</strong> are very low. I remember the 80s when <strong>interest rates</strong> hit 15%. I think  lot of people have over committed themselves and if/when <strong>interest rates</strong> become <strong>really</strong> <strong>high</strong> a lot of people will be in big trouble.</p>"
Mellylovee_,-chynna¬†‚ú®,1054478693303754754,2018-10-22 21:04:46,/Mellylovee_/status/1054478693303754754,0,0,0,"Girl I really want to just close my accounts them, high ass interest rates ","<p class=""TweetTextSize js-tweet-text tweet-text"" data-aria-label-part=""0"" lang=""en"">Girl I <strong>really</strong> want to just close my accounts them, <strong>high</strong> ass <strong>interest rates</strong> <img alt=""üòë"" aria-label=""Emoji: Expressionless face"" class=""Emoji Emoji--forText"" draggable=""false"" src=""https://abs.twimg.com/emoji/v2/72x72/1f611.png"" title=""Expressionless face""/></p>"
smichail89,S Michail,1054467138986131457,2018-10-22 20:18:51,/smichail89/status/1054467138986131457,1,1,0,"Not meaning to sound inconsiderate. With limited characters it can sound blunt. If you‚Äôre really that close to the mark, with respect, you‚Äôll be in trouble in a few years time once interest rates increase even with high street. 2/3% is the goal. 5% historically isn‚Äôt unreasonable","<p class=""TweetTextSize js-tweet-text tweet-text"" data-aria-label-part=""0"" lang=""en"">Not meaning to sound inconsiderate. With limited characters it can sound blunt. If you‚Äôre <strong>really</strong> that close to the mark, with respect, you‚Äôll be in trouble in a few years time once <strong>interest rates</strong> increase even with <strong>high</strong> street. 2/3% is the goal. 5% historically isn‚Äôt unreasonable</p>"
nicmccrudden,Nicola McCrudden CIHCM,1054456822772494341,2018-10-22 19:37:52,/nicmccrudden/status/1054456822772494341,4,0,2,"Really pleased to see BBC covering the scandal that #mortgageprisoners keeping people locked into high variable interest rates due to negative equity, credit ratings etc all too common in Northern Ireland https://twitter.com/BBCPanorama/status/1054454844100988931¬†‚Ä¶","<p class=""TweetTextSize js-tweet-text tweet-text"" data-aria-label-part=""4"" lang=""en""><strong>Really</strong> pleased to see BBC covering the scandal that <a class=""twitter-hashtag pretty-link js-nav"" data-query-source=""hashtag_click"" dir=""ltr"" href=""/hashtag/mortgageprisoners?src=hash""><s>#</s><b>mortgageprisoners</b></a> keeping people locked into <strong>high</strong> variable <strong>interest rates</strong> due to negative equity, credit ratings etc all too common in Northern Ireland <a class=""twitter-timeline-link u-hidden"" data-expanded-url=""https://twitter.com/BBCPanorama/status/1054454844100988931"" dir=""ltr"" href=""https://t.co/vPwnxgeVw4"" rel=""nofollow noopener"" target=""_blank"" title=""https://twitter.com/BBCPanorama/status/1054454844100988931""><span class=""tco-ellipsis""></span><span class=""invisible"">https://</span><span class=""js-display-url"">twitter.com/BBCPanorama/st</span><span class=""invisible"">atus/1054454844100988931</span><span class=""tco-ellipsis""><span class=""invisible"">¬†</span>‚Ä¶</span></a></p>"
FrankMunden1,Frank Munden(Hawaii),1054206027896258561,2018-10-22 03:01:17,/FrankMunden1/status/1054206027896258561,0,0,0,@TulsiPress Aloha. Can you help me in lowering student loan rates? The interest rates are high and student loans are hurting me in life. I cannot really advance in life because of Navient. Mahalo.,"<p class=""TweetTextSize js-tweet-text tweet-text"" data-aria-label-part=""0"" lang=""en""><a class=""twitter-atreply pretty-link js-nav"" data-mentioned-user-id=""1064206014"" dir=""ltr"" href=""/TulsiPress""><s>@</s><b>TulsiPress</b></a> Aloha. Can you help me in lowering student loan rates? The <strong>interest rates</strong> are <strong>high</strong> and student loans are hurting me in life. I cannot <strong>really</strong> advance in life because of Navient. Mahalo.</p>"
FrankMunden1,Frank Munden(Hawaii),1054205143044972544,2018-10-22 02:57:46,/FrankMunden1/status/1054205143044972544,0,0,0,"@maziehirono Aloha, Can you help lower the interest rates on student loans? They are killing me and very high. Navient is taking a lot of my paycheck just on interests and I can't really advance in life. Mahalo.","<p class=""TweetTextSize js-tweet-text tweet-text"" data-aria-label-part=""0"" lang=""en""><a class=""twitter-atreply pretty-link js-nav"" data-mentioned-user-id=""92186819"" dir=""ltr"" href=""/maziehirono""><s>@</s><b>maziehirono</b></a> Aloha, Can you help lower the <strong>interest rates</strong> on student loans? They are killing me and very <strong>high</strong>. Navient is taking a lot of my paycheck just on interests and I can't <strong>really</strong> advance in life. Mahalo.</p>"
CcEstate,CC Real Estate Services,1056266501106360321,2018-10-27 19:28:53,/CcEstate/status/1056266501106360321,0,0,0,Interest rates are still really low.  Market has turned so buyers won't be beat up by bidding wars and super high home prices.  Home prices are neutralizing.  All this adds up to is the‚Ä¶ https://www.instagram.com/p/BpciYCSAmjh/?utm_source=ig_twitter_share&igshid=s9mg058fe7w3¬†‚Ä¶,"<p class=""TweetTextSize js-tweet-text tweet-text"" data-aria-label-part=""0"" lang=""en""><strong>Interest rates</strong> are still <strong>really</strong> low.  Market has turned so buyers won't be beat up by bidding wars and super <strong>high</strong> home prices.  Home prices are neutralizing.  All this adds up to is the‚Ä¶ <a class=""twitter-timeline-link"" data-expanded-url=""https://www.instagram.com/p/BpciYCSAmjh/?utm_source=ig_twitter_share&amp;igshid=s9mg058fe7w3"" dir=""ltr"" href=""https://t.co/xoHzGQJqe0"" rel=""nofollow noopener"" target=""_blank"" title=""https://www.instagram.com/p/BpciYCSAmjh/?utm_source=ig_twitter_share&amp;igshid=s9mg058fe7w3""><span class=""tco-ellipsis""></span><span class=""invisible"">https://www.</span><span class=""js-display-url"">instagram.com/p/BpciYCSAmjh/</span><span class=""invisible"">?utm_source=ig_twitter_share&amp;igshid=s9mg058fe7w3</span><span class=""tco-ellipsis""><span class=""invisible"">¬†</span>‚Ä¶</span></a></p>"
TinTincognito,RSMacKinnon,1055945152370487296,2018-10-26 22:11:57,/TinTincognito/status/1055945152370487296,2,0,0,It used to be that a healthy savings balance and high interest rates meant enough of an interest income you had to declare it on tax day.  Neither really apply these days for most people.,"<p class=""TweetTextSize js-tweet-text tweet-text"" data-aria-label-part=""0"" lang=""en"">It used to be that a healthy savings balance and <strong>high</strong> <strong>interest rates</strong> meant enough of an interest income you had to declare it on tax day.  Neither <strong>really</strong> apply these days for most people.</p>"
Turkish88251219,Turkish,1047484813026975744,2018-10-03 13:53:35,/Turkish88251219/status/1047484813026975744,0,1,0,Really. Didn't they have to meet certain criteria before joining the euro? So they must have passed the tests. Greece is a perfect example of what can and will happen when controlled. They're suppressed with high interest rates making them dependant on the EU.,"<p class=""TweetTextSize js-tweet-text tweet-text"" data-aria-label-part=""0"" lang=""en""><strong>Really</strong>. Didn't they have to meet certain criteria before joining the euro? So they must have passed the tests. Greece is a perfect example of what can and will happen when controlled. They're suppressed with <strong>high</strong> <strong>interest rates</strong> making them dependant on the EU.</p>"
Jesus4America2,In God We Trust ¬†üïä,1047466480244154368,2018-10-03 12:40:44,/Jesus4America2/status/1047466480244154368,0,0,0,"http://www.ontheissues.org/Celeb/Jimmy_Carter_Budget_+_Economy.htm¬†‚Ä¶ - I worked in a bank  during Carter‚Äôs presidency, I remember interest rates were really high - CD‚Äôs were 5%-6% - home loans were 12% and homes sat on the market - tons of repossessions - 1987 we were happy to get 10 1/2%","<p class=""TweetTextSize js-tweet-text tweet-text"" data-aria-label-part=""0"" lang=""en""><a class=""twitter-timeline-link"" data-expanded-url=""http://www.ontheissues.org/Celeb/Jimmy_Carter_Budget_+_Economy.htm"" dir=""ltr"" href=""https://t.co/emcfYNDpLv"" rel=""nofollow noopener"" target=""_blank"" title=""http://www.ontheissues.org/Celeb/Jimmy_Carter_Budget_+_Economy.htm""><span class=""tco-ellipsis""></span><span class=""invisible"">http://www.</span><span class=""js-display-url"">ontheissues.org/Celeb/Jimmy_Ca</span><span class=""invisible"">rter_Budget_+_Economy.htm</span><span class=""tco-ellipsis""><span class=""invisible"">¬†</span>‚Ä¶</span></a> - I worked in a bank <img alt=""üè¶"" aria-label=""Emoji: Bank"" class=""Emoji Emoji--forText"" draggable=""false"" src=""https://abs.twimg.com/emoji/v2/72x72/1f3e6.png"" title=""Bank""/> during Carter‚Äôs presidency, I remember <strong>interest rates</strong> were <strong>really</strong> <strong>high</strong> - CD‚Äôs were 5%-6% - home loans were 12% and homes sat on the market - tons of repossessions - 1987 we were happy to get 10 1/2%</p>"
DLSermersheim,Daniel Sermersheim,1047281555851415554,2018-10-03 00:25:55,/DLSermersheim/status/1047281555851415554,2,0,0,But still really low interest rates. Even at 5% it would be a normal economic expansion. Its low because government debt is so high they can't allow the interest rate to rise to normal economic expansion levels.,"<p class=""TweetTextSize js-tweet-text tweet-text"" data-aria-label-part=""0"" lang=""en"">But still <strong>really</strong> low <strong>interest rates</strong>. Even at 5% it would be a normal economic expansion. Its low because government debt is so <strong>high</strong> they can't allow the interest rate to rise to normal economic expansion levels.</p>"
jjlincoln7,j67AB,1047063208526303233,2018-10-02 09:58:17,/jjlincoln7/status/1047063208526303233,1,1,0,"People forger when interest rates were really high and over 50% of wages went to pay them, much cheaper these days to borrow, yet everyone is skint, living beyond means springs to mind. Everybody wants what everybody else has these days, we did not have minimum wage then either.","<p class=""TweetTextSize js-tweet-text tweet-text"" data-aria-label-part=""0"" lang=""en"">People forger when <strong>interest rates</strong> were <strong>really</strong> <strong>high</strong> and over 50% of wages went to pay them, much cheaper these days to borrow, yet everyone is skint, living beyond means springs to mind. Everybody wants what everybody else has these days, we did not have minimum wage then either.</p>"
